{
    "LMA": {
        "precision": 0.967479674796748,
        "recall": 0.967479674796748,
        "f1-score": 0.967479674796748,
        "support": 123
    },
    "LAD": {
        "precision": 0.8542857142857143,
        "recall": 0.8567335243553008,
        "f1-score": 0.8555078683834048,
        "support": 349
    },
    "LCX": {
        "precision": 0.8299120234604106,
        "recall": 0.8323529411764706,
        "f1-score": 0.8311306901615272,
        "support": 340
    },
    "D": {
        "precision": 0.782051282051282,
        "recall": 0.8097345132743363,
        "f1-score": 0.7956521739130434,
        "support": 226
    },
    "OM": {
        "precision": 0.782608695652174,
        "recall": 0.7465437788018433,
        "f1-score": 0.7641509433962264,
        "support": 217
    },
    "accuracy": 0.8334661354581673,
    "macro avg": {
        "precision": 0.8432674780492657,
        "recall": 0.8425688864809399,
        "f1-score": 0.8427842701301899,
        "support": 1255
    },
    "weighted avg": {
        "precision": 0.8333748836353508,
        "recall": 0.8334661354581673,
        "f1-score": 0.8333026507904833,
        "support": 1255
    }
}