{
    "LMA": {
        "precision": 1.0,
        "recall": 1.0,
        "f1-score": 1.0,
        "support": 129
    },
    "LAD": {
        "precision": 0.9331476323119777,
        "recall": 0.9228650137741047,
        "f1-score": 0.9279778393351801,
        "support": 363
    },
    "LCX": {
        "precision": 0.8895027624309392,
        "recall": 0.9096045197740112,
        "f1-score": 0.8994413407821229,
        "support": 354
    },
    "D": {
        "precision": 0.891213389121339,
        "recall": 0.9102564102564102,
        "f1-score": 0.9006342494714588,
        "support": 234
    },
    "OM": {
        "precision": 0.8617511520737328,
        "recall": 0.827433628318584,
        "f1-score": 0.8442437923250564,
        "support": 226
    },
    "accuracy": 0.9081163859111792,
    "macro avg": {
        "precision": 0.9151229871875979,
        "recall": 0.9140319144246221,
        "f1-score": 0.9144594443827637,
        "support": 1306
    },
    "weighted avg": {
        "precision": 0.9080522678812076,
        "recall": 0.9081163859111792,
        "f1-score": 0.9079676123716126,
        "support": 1306
    }
}