{
    "LMA": {
        "precision": 1.0,
        "recall": 1.0,
        "f1-score": 1.0,
        "support": 129
    },
    "LAD": {
        "precision": 0.9138888888888889,
        "recall": 0.8989071038251366,
        "f1-score": 0.9063360881542699,
        "support": 366
    },
    "LCX": {
        "precision": 0.9,
        "recall": 0.9025787965616046,
        "f1-score": 0.9012875536480687,
        "support": 349
    },
    "D": {
        "precision": 0.8489795918367347,
        "recall": 0.8776371308016878,
        "f1-score": 0.8630705394190872,
        "support": 237
    },
    "OM": {
        "precision": 0.8525345622119815,
        "recall": 0.8409090909090909,
        "f1-score": 0.8466819221967963,
        "support": 220
    },
    "accuracy": 0.8962336664104535,
    "macro avg": {
        "precision": 0.9030806085875209,
        "recall": 0.9040064244195041,
        "f1-score": 0.9034752206836444,
        "support": 1301
    },
    "weighted avg": {
        "precision": 0.896501998681995,
        "recall": 0.8962336664104535,
        "f1-score": 0.8962998502792142,
        "support": 1301
    }
}