{
    "LMA": {
        "precision": 0.9914529914529915,
        "recall": 0.9830508474576272,
        "f1-score": 0.9872340425531915,
        "support": 118
    },
    "LAD": {
        "precision": 0.9427710843373494,
        "recall": 0.9315476190476191,
        "f1-score": 0.937125748502994,
        "support": 336
    },
    "LCX": {
        "precision": 0.911042944785276,
        "recall": 0.908256880733945,
        "f1-score": 0.9096477794793262,
        "support": 327
    },
    "D": {
        "precision": 0.9066666666666666,
        "recall": 0.9357798165137615,
        "f1-score": 0.9209932279909706,
        "support": 218
    },
    "OM": {
        "precision": 0.8798076923076923,
        "recall": 0.8755980861244019,
        "f1-score": 0.8776978417266187,
        "support": 209
    },
    "accuracy": 0.9213576158940397,
    "macro avg": {
        "precision": 0.9263482759099952,
        "recall": 0.9268466499754708,
        "f1-score": 0.9265397280506201,
        "support": 1208
    },
    "weighted avg": {
        "precision": 0.9215287427973748,
        "recall": 0.9213576158940397,
        "f1-score": 0.9213891266812227,
        "support": 1208
    }
}