{
    "LMA": {
        "precision": 1.0,
        "recall": 1.0,
        "f1-score": 1.0,
        "support": 129
    },
    "LAD": {
        "precision": 0.9148351648351648,
        "recall": 0.9098360655737705,
        "f1-score": 0.9123287671232876,
        "support": 366
    },
    "LCX": {
        "precision": 0.867231638418079,
        "recall": 0.8696883852691218,
        "f1-score": 0.8684582743988684,
        "support": 353
    },
    "D": {
        "precision": 0.8786610878661087,
        "recall": 0.8860759493670886,
        "f1-score": 0.8823529411764707,
        "support": 237
    },
    "OM": {
        "precision": 0.820627802690583,
        "recall": 0.8169642857142857,
        "f1-score": 0.8187919463087248,
        "support": 224
    },
    "accuracy": 0.8877005347593583,
    "macro avg": {
        "precision": 0.896271138761987,
        "recall": 0.8965129371848534,
        "f1-score": 0.8963863858014702,
        "support": 1309
    },
    "weighted avg": {
        "precision": 0.8877202019237665,
        "recall": 0.8877005347593583,
        "f1-score": 0.8877044634544703,
        "support": 1309
    }
}