{
    "LMA": {
        "precision": 0.9917355371900827,
        "recall": 0.9917355371900827,
        "f1-score": 0.9917355371900827,
        "support": 121
    },
    "LAD": {
        "precision": 0.9396551724137931,
        "recall": 0.956140350877193,
        "f1-score": 0.9478260869565217,
        "support": 342
    },
    "LCX": {
        "precision": 0.9135802469135802,
        "recall": 0.9079754601226994,
        "f1-score": 0.9107692307692307,
        "support": 326
    },
    "D": {
        "precision": 0.9279279279279279,
        "recall": 0.9321266968325792,
        "f1-score": 0.9300225733634311,
        "support": 221
    },
    "OM": {
        "precision": 0.8855721393034826,
        "recall": 0.8640776699029126,
        "f1-score": 0.8746928746928747,
        "support": 206
    },
    "accuracy": 0.9268092105263158,
    "macro avg": {
        "precision": 0.9316942047497733,
        "recall": 0.9304111429850934,
        "f1-score": 0.9310092605944282,
        "support": 1216
    },
    "weighted avg": {
        "precision": 0.9265535873584982,
        "recall": 0.9268092105263158,
        "f1-score": 0.9266357005509459,
        "support": 1216
    }
}