{
    "LMA": {
        "precision": 1.0,
        "recall": 1.0,
        "f1-score": 1.0,
        "support": 120
    },
    "LAD": {
        "precision": 0.9266862170087976,
        "recall": 0.9294117647058824,
        "f1-score": 0.9280469897209985,
        "support": 340
    },
    "LCX": {
        "precision": 0.9069069069069069,
        "recall": 0.9151515151515152,
        "f1-score": 0.9110105580693816,
        "support": 330
    },
    "D": {
        "precision": 0.8898678414096917,
        "recall": 0.9181818181818182,
        "f1-score": 0.9038031319910516,
        "support": 220
    },
    "OM": {
        "precision": 0.895,
        "recall": 0.8483412322274881,
        "f1-score": 0.8710462287104622,
        "support": 211
    },
    "accuracy": 0.9164619164619164,
    "macro avg": {
        "precision": 0.9236921930650794,
        "recall": 0.9222172660533408,
        "f1-score": 0.9227813816983786,
        "support": 1221
    },
    "weighted avg": {
        "precision": 0.9164361328193306,
        "recall": 0.9164619164619164,
        "f1-score": 0.9162955806420756,
        "support": 1221
    }
}