{
    "LMA": {
        "precision": 1.0,
        "recall": 1.0,
        "f1-score": 1.0,
        "support": 45
    },
    "LAD": {
        "precision": 0.8118811881188119,
        "recall": 0.803921568627451,
        "f1-score": 0.8078817733990149,
        "support": 102
    },
    "LCX": {
        "precision": 0.813953488372093,
        "recall": 0.8677685950413223,
        "f1-score": 0.84,
        "support": 121
    },
    "D": {
        "precision": 0.625,
        "recall": 0.6896551724137931,
        "f1-score": 0.6557377049180328,
        "support": 58
    },
    "OM": {
        "precision": 0.7619047619047619,
        "recall": 0.631578947368421,
        "f1-score": 0.6906474820143885,
        "support": 76
    },
    "accuracy": 0.7960199004975125,
    "macro avg": {
        "precision": 0.8025478876791332,
        "recall": 0.7985848566901975,
        "f1-score": 0.7988533920662872,
        "support": 402
    },
    "weighted avg": {
        "precision": 0.7971517790694129,
        "recall": 0.7960199004975125,
        "f1-score": 0.7949401403110421,
        "support": 402
    }
}