{
    "LMA": {
        "precision": 1.0,
        "recall": 1.0,
        "f1-score": 1.0,
        "support": 130
    },
    "LAD": {
        "precision": 0.8983516483516484,
        "recall": 0.9083333333333333,
        "f1-score": 0.9033149171270718,
        "support": 360
    },
    "LCX": {
        "precision": 0.9116809116809117,
        "recall": 0.896358543417367,
        "f1-score": 0.9039548022598871,
        "support": 357
    },
    "D": {
        "precision": 0.8529411764705882,
        "recall": 0.8826086956521739,
        "f1-score": 0.8675213675213674,
        "support": 230
    },
    "OM": {
        "precision": 0.8823529411764706,
        "recall": 0.8590308370044053,
        "f1-score": 0.8705357142857143,
        "support": 227
    },
    "accuracy": 0.9010736196319018,
    "macro avg": {
        "precision": 0.9090653355359237,
        "recall": 0.9092662818814559,
        "f1-score": 0.909065360238808,
        "support": 1304
    },
    "weighted avg": {
        "precision": 0.9013399287668504,
        "recall": 0.9010736196319018,
        "f1-score": 0.9011094756482341,
        "support": 1304
    }
}