{
    "LMA": {
        "precision": 1.0,
        "recall": 0.9922480620155039,
        "f1-score": 0.9961089494163424,
        "support": 129
    },
    "LAD": {
        "precision": 0.9093406593406593,
        "recall": 0.9168975069252078,
        "f1-score": 0.9131034482758621,
        "support": 361
    },
    "LCX": {
        "precision": 0.9048991354466859,
        "recall": 0.8920454545454546,
        "f1-score": 0.8984263233190273,
        "support": 352
    },
    "D": {
        "precision": 0.8775510204081632,
        "recall": 0.9267241379310345,
        "f1-score": 0.9014675052410901,
        "support": 232
    },
    "OM": {
        "precision": 0.8925233644859814,
        "recall": 0.8526785714285714,
        "f1-score": 0.8721461187214612,
        "support": 224
    },
    "accuracy": 0.9083204930662557,
    "macro avg": {
        "precision": 0.9168628359362978,
        "recall": 0.9161187465691544,
        "f1-score": 0.9162504689947566,
        "support": 1298
    },
    "weighted avg": {
        "precision": 0.9085620524489716,
        "recall": 0.9083204930662557,
        "f1-score": 0.9082246971649708,
        "support": 1298
    }
}