{
    "LMA": {
        "precision": 1.0,
        "recall": 1.0,
        "f1-score": 1.0,
        "support": 126
    },
    "LAD": {
        "precision": 0.9323943661971831,
        "recall": 0.9376770538243626,
        "f1-score": 0.9350282485875705,
        "support": 353
    },
    "LCX": {
        "precision": 0.9169054441260746,
        "recall": 0.9195402298850575,
        "f1-score": 0.9182209469153515,
        "support": 348
    },
    "D": {
        "precision": 0.9035087719298246,
        "recall": 0.9074889867841409,
        "f1-score": 0.9054945054945055,
        "support": 227
    },
    "OM": {
        "precision": 0.8853211009174312,
        "recall": 0.8693693693693694,
        "f1-score": 0.8772727272727273,
        "support": 222
    },
    "accuracy": 0.9216300940438872,
    "macro avg": {
        "precision": 0.9276259366341026,
        "recall": 0.926815127972586,
        "f1-score": 0.927203285654031,
        "support": 1276
    },
    "weighted avg": {
        "precision": 0.9215173052156893,
        "recall": 0.9216300940438872,
        "f1-score": 0.9215577268650101,
        "support": 1276
    }
}